"","class","user","day","time","client","true.time","estimate"
"1","short","Cindy","Thursday","Afternoon","Weyland-Yutani",8,3
"2","short","Tom","Tuesday","Morning","OCP Inc.",10,2
"3","short","Yvette","Wednesday","Lunchtime","OCP Inc.",9,2
"4","short","Jim","Wednesday","Morning","Cyberdyne Systems",1,9
"5","short","Evelyn","Thursday","Lunchtime","Weyland-Yutani",2,10
"6","short","Yvette","Wednesday","Lunchtime","Tyrell",1,1
"7","long","Cindy","Thursday","Lunchtime","Weyland-Yutani",92,79
"8","short","Yvette","Thursday","Afternoon","Weyland-Yutani",6,6
"9","short","Cindy","Thursday","Morning","Mooby's Family Restaurants",3,7
"10","short","Tom","Friday","Afternoon","Weyland-Yutani",9,5
"11","short","Cindy","Tuesday","Morning","Weyland-Yutani",14,6
"12","short","Yvette","Friday","Morning","Cyberdyne Systems",10,12
"13","long","Cindy","Wednesday","Lunchtime","OCP Inc.",88,97
"14","short","Cindy","Thursday","Afternoon","Cyberdyne Systems",6,1
"15","short","Yvette","Monday","Afternoon","Mooby's Family Restaurants",6,1
"16","short","Yvette","Thursday","Lunchtime","OCP Inc.",13,1
"17","short","Cindy","Tuesday","Afternoon","OCP Inc.",14,10
"18","short","Yvette","Wednesday","Morning","Cyberdyne Systems",12,8
"19","long","Yvette","Tuesday","Afternoon","Mooby's Family Restaurants",85,77
"20","long","Evelyn","Thursday","Afternoon","Mooby's Family Restaurants",113,85
"21","long","Cindy","Monday","Lunchtime","Mooby's Family Restaurants",108,116
"22","long","Cindy","Monday","Afternoon","Weyland-Yutani",89,79
"23","short","Tom","Monday","Lunchtime","Mooby's Family Restaurants",1,12
"24","short","Tom","Tuesday","Lunchtime","Cyberdyne Systems",4,5
"25","short","Tom","Thursday","Morning","Mooby's Family Restaurants",13,1
"26","short","Yvette","Friday","Lunchtime","Tyrell",5,7
"27","short","Evelyn","Friday","Afternoon","Tyrell",14,11
"28","short","Yvette","Monday","Afternoon","Tyrell",14,4
"29","short","Evelyn","Tuesday","Lunchtime","Cyberdyne Systems",12,8
"30","short","Tom","Tuesday","Morning","Weyland-Yutani",9,7
"31","short","Yvette","Tuesday","Lunchtime","Tyrell",10,3
"32","short","Yvette","Friday","Morning","Mooby's Family Restaurants",6,129
"33","short","Jim","Wednesday","Morning","Mooby's Family Restaurants",13,10
"34","short","Yvette","Friday","Afternoon","OCP Inc.",10,6
"35","short","Yvette","Friday","Lunchtime","Cyberdyne Systems",7,8
"36","short","Yvette","Tuesday","Afternoon","Mooby's Family Restaurants",5,11
"37","short","Jim","Monday","Afternoon","Mooby's Family Restaurants",7,8
"38","short","Cindy","Monday","Lunchtime","Tyrell",14,7
"39","short","Jim","Tuesday","Lunchtime","Tyrell",7,14
"40","long","Evelyn","Friday","Morning","Cyberdyne Systems",73,110
"41","short","Tom","Friday","Afternoon","OCP Inc.",10,10
"42","short","Tom","Friday","Morning","Weyland-Yutani",9,10
"43","short","Tom","Thursday","Lunchtime","Tyrell",14,6
"44","short","Jim","Tuesday","Lunchtime","OCP Inc.",9,11
"45","short","Evelyn","Wednesday","Morning","Mooby's Family Restaurants",8,11
"46","short","Jim","Friday","Lunchtime","OCP Inc.",5,6
"47","short","Jim","Wednesday","Afternoon","Cyberdyne Systems",6,7
"48","short","Tom","Tuesday","Afternoon","Weyland-Yutani",6,8
"49","short","Jim","Friday","Lunchtime","Cyberdyne Systems",1,6
"50","short","Yvette","Tuesday","Afternoon","Tyrell",1,6
"51","long","Jim","Wednesday","Afternoon","Tyrell",77,116
"52","short","Jim","Tuesday","Afternoon","Weyland-Yutani",5,9
"53","short","Tom","Thursday","Afternoon","Weyland-Yutani",11,1
"54","short","Evelyn","Wednesday","Morning","Tyrell",9,10
"55","short","Evelyn","Thursday","Afternoon","Weyland-Yutani",7,10
"56","long","Yvette","Friday","Lunchtime","Mooby's Family Restaurants",91,84
"57","short","Yvette","Monday","Lunchtime","Weyland-Yutani",16,7
"58","short","Tom","Monday","Afternoon","Mooby's Family Restaurants",7,4
"59","long","Cindy","Wednesday","Lunchtime","Cyberdyne Systems",96,88
"60","short","Yvette","Monday","Lunchtime","Tyrell",8,5
"61","short","Yvette","Tuesday","Morning","OCP Inc.",5,4
"62","long","Tom","Wednesday","Afternoon","Mooby's Family Restaurants",88,107
"63","short","Yvette","Thursday","Morning","Mooby's Family Restaurants",8,11
"64","short","Cindy","Friday","Afternoon","Cyberdyne Systems",1,6
"65","short","Jim","Friday","Lunchtime","Tyrell",5,9
"66","short","Evelyn","Tuesday","Afternoon","Cyberdyne Systems",5,14
"67","short","Tom","Monday","Afternoon","Cyberdyne Systems",3,10
"68","short","Yvette","Wednesday","Lunchtime","Mooby's Family Restaurants",4,5
"69","short","Tom","Thursday","Lunchtime","Mooby's Family Restaurants",7,10
"70","short","Tom","Thursday","Afternoon","Cyberdyne Systems",11,6
"71","short","Evelyn","Friday","Lunchtime","Mooby's Family Restaurants",7,8
"72","short","Yvette","Wednesday","Afternoon","Weyland-Yutani",4,11
"73","short","Evelyn","Wednesday","Lunchtime","OCP Inc.",8,11
"74","short","Tom","Monday","Morning","Mooby's Family Restaurants",8,11
"75","short","Tom","Monday","Lunchtime","Weyland-Yutani",3,73
"76","short","Tom","Friday","Morning","Tyrell",6,8
"77","short","Yvette","Friday","Lunchtime","Cyberdyne Systems",11,11
"78","short","Evelyn","Tuesday","Morning","Weyland-Yutani",2,12
"79","short","Jim","Thursday","Lunchtime","Tyrell",9,11
"80","short","Tom","Thursday","Afternoon","Tyrell",11,8
"81","short","Cindy","Tuesday","Morning","Mooby's Family Restaurants",8,12
"82","short","Cindy","Thursday","Lunchtime","Mooby's Family Restaurants",4,14
"83","short","Cindy","Thursday","Lunchtime","Cyberdyne Systems",10,6
"84","short","Yvette","Monday","Afternoon","Mooby's Family Restaurants",5,12
"85","short","Cindy","Tuesday","Morning","Cyberdyne Systems",9,15
"86","short","Tom","Friday","Afternoon","Cyberdyne Systems",12,8
"87","short","Jim","Friday","Morning","Weyland-Yutani",9,110
"88","long","Cindy","Friday","Lunchtime","Tyrell",52,100
"89","short","Cindy","Tuesday","Morning","Mooby's Family Restaurants",14,8
"90","short","Yvette","Friday","Morning","OCP Inc.",12,7
"91","short","Jim","Thursday","Morning","Weyland-Yutani",8,11
"92","short","Yvette","Thursday","Morning","Cyberdyne Systems",19,8
"93","short","Evelyn","Tuesday","Lunchtime","Cyberdyne Systems",6,10
"94","long","Evelyn","Friday","Afternoon","Mooby's Family Restaurants",141,83
"95","short","Tom","Wednesday","Morning","Mooby's Family Restaurants",7,10
"96","short","Tom","Monday","Lunchtime","Mooby's Family Restaurants",6,8
"97","short","Yvette","Tuesday","Lunchtime","OCP Inc.",5,12
"98","short","Cindy","Friday","Lunchtime","OCP Inc.",1,13
"99","short","Cindy","Wednesday","Lunchtime","Mooby's Family Restaurants",8,1
"100","long","Tom","Wednesday","Afternoon","Tyrell",77,80
"101","short","Cindy","Monday","Lunchtime","Cyberdyne Systems",14,5
"102","short","Tom","Thursday","Afternoon","Weyland-Yutani",8,5
"103","long","Jim","Monday","Lunchtime","Mooby's Family Restaurants",87,112
"104","long","Jim","Friday","Lunchtime","Weyland-Yutani",100,96
"105","short","Jim","Friday","Afternoon","Mooby's Family Restaurants",7,13
"106","short","Tom","Wednesday","Lunchtime","Tyrell",9,14
"107","long","Yvette","Tuesday","Morning","Tyrell",99,120
"108","short","Tom","Wednesday","Afternoon","OCP Inc.",10,14
"109","short","Cindy","Wednesday","Morning","Tyrell",6,2
"110","short","Evelyn","Wednesday","Afternoon","Cyberdyne Systems",14,1
"111","short","Jim","Friday","Lunchtime","Tyrell",14,7
"112","short","Yvette","Monday","Morning","Tyrell",8,9
"113","long","Jim","Wednesday","Lunchtime","Cyberdyne Systems",94,94
"114","short","Evelyn","Monday","Afternoon","OCP Inc.",7,5
"115","short","Tom","Friday","Morning","Weyland-Yutani",3,4
"116","short","Jim","Monday","Afternoon","OCP Inc.",14,3
"117","short","Evelyn","Friday","Lunchtime","OCP Inc.",5,5
"118","long","Yvette","Tuesday","Afternoon","Weyland-Yutani",74,110
"119","long","Evelyn","Wednesday","Morning","Cyberdyne Systems",108,93
"120","short","Yvette","Friday","Lunchtime","OCP Inc.",10,5
"121","short","Evelyn","Monday","Morning","Weyland-Yutani",11,5
"122","short","Yvette","Monday","Morning","Mooby's Family Restaurants",10,9
"123","short","Yvette","Monday","Lunchtime","Tyrell",8,20
"124","short","Yvette","Monday","Morning","OCP Inc.",3,2
"125","short","Cindy","Wednesday","Lunchtime","OCP Inc.",10,8
"126","long","Tom","Monday","Lunchtime","OCP Inc.",102,88
"127","short","Tom","Tuesday","Afternoon","Mooby's Family Restaurants",12,9
"128","short","Evelyn","Monday","Lunchtime","Cyberdyne Systems",5,11
"129","short","Jim","Friday","Morning","OCP Inc.",3,12
"130","short","Cindy","Tuesday","Morning","Cyberdyne Systems",12,8
"131","short","Jim","Wednesday","Lunchtime","Mooby's Family Restaurants",5,12
"132","short","Yvette","Monday","Morning","OCP Inc.",8,9
"133","short","Cindy","Wednesday","Lunchtime","OCP Inc.",10,8
"134","long","Tom","Friday","Morning","Mooby's Family Restaurants",91,79
"135","short","Yvette","Friday","Afternoon","Tyrell",17,10
"136","long","Tom","Friday","Afternoon","Mooby's Family Restaurants",107,108
"137","long","Jim","Thursday","Lunchtime","Cyberdyne Systems",101,131
"138","short","Yvette","Thursday","Afternoon","Tyrell",4,6
"139","short","Cindy","Monday","Morning","Tyrell",5,5
"140","short","Jim","Wednesday","Morning","Tyrell",6,7
"141","short","Jim","Thursday","Morning","OCP Inc.",12,10
"142","short","Cindy","Thursday","Morning","Mooby's Family Restaurants",6,9
"143","long","Jim","Friday","Morning","Cyberdyne Systems",95,81
"144","short","Yvette","Wednesday","Morning","Cyberdyne Systems",4,17
"145","long","Evelyn","Monday","Morning","Weyland-Yutani",72,122
"146","short","Yvette","Tuesday","Morning","Weyland-Yutani",6,12
"147","long","Tom","Tuesday","Lunchtime","Tyrell",130,63
"148","long","Jim","Monday","Afternoon","Weyland-Yutani",97,85
"149","short","Yvette","Monday","Lunchtime","Mooby's Family Restaurants",10,11
"150","long","Yvette","Tuesday","Morning","Tyrell",116,118
"151","short","Jim","Wednesday","Afternoon","OCP Inc.",9,12
"152","short","Yvette","Friday","Morning","Mooby's Family Restaurants",10,13
"153","short","Evelyn","Tuesday","Afternoon","Cyberdyne Systems",13,13
"154","long","Cindy","Thursday","Afternoon","OCP Inc.",68,7
"155","short","Evelyn","Thursday","Morning","Mooby's Family Restaurants",7,13
"156","short","Tom","Friday","Morning","Weyland-Yutani",7,10
"157","short","Tom","Wednesday","Lunchtime","Tyrell",9,9
"158","short","Tom","Monday","Lunchtime","Cyberdyne Systems",4,2
"159","short","Yvette","Tuesday","Afternoon","Cyberdyne Systems",12,7
"160","short","Jim","Monday","Afternoon","Cyberdyne Systems",6,7
"161","short","Cindy","Friday","Afternoon","Tyrell",3,2
"162","short","Evelyn","Thursday","Lunchtime","Tyrell",10,8
"163","short","Evelyn","Monday","Afternoon","Weyland-Yutani",10,11
"164","long","Jim","Monday","Lunchtime","Cyberdyne Systems",105,104
"165","short","Jim","Tuesday","Morning","Mooby's Family Restaurants",10,11
"166","short","Jim","Monday","Afternoon","Weyland-Yutani",7,10
"167","short","Yvette","Tuesday","Afternoon","OCP Inc.",4,9
"168","short","Jim","Monday","Morning","Weyland-Yutani",10,7
"169","short","Cindy","Monday","Morning","Mooby's Family Restaurants",1,3
"170","short","Cindy","Friday","Morning","Mooby's Family Restaurants",2,8
"171","short","Yvette","Tuesday","Lunchtime","Weyland-Yutani",9,6
"172","short","Tom","Wednesday","Lunchtime","Mooby's Family Restaurants",9,8
"173","short","Evelyn","Thursday","Afternoon","Tyrell",9,9
"174","short","Jim","Friday","Afternoon","Tyrell",6,4
"175","short","Yvette","Friday","Afternoon","OCP Inc.",10,9
"176","short","Evelyn","Monday","Morning","Tyrell",12,5
"177","short","Evelyn","Thursday","Afternoon","Tyrell",2,7
"178","short","Evelyn","Tuesday","Lunchtime","Mooby's Family Restaurants",8,12
"179","short","Tom","Tuesday","Afternoon","Weyland-Yutani",13,91
"180","short","Cindy","Tuesday","Morning","Cyberdyne Systems",7,1
"181","short","Yvette","Friday","Afternoon","OCP Inc.",1,4
"182","short","Tom","Wednesday","Afternoon","Weyland-Yutani",11,6
"183","short","Evelyn","Wednesday","Morning","OCP Inc.",10,3
"184","short","Cindy","Thursday","Lunchtime","Tyrell",4,10
"185","short","Tom","Monday","Lunchtime","Cyberdyne Systems",14,4
"186","long","Cindy","Wednesday","Morning","Weyland-Yutani",89,73
"187","short","Yvette","Friday","Afternoon","Mooby's Family Restaurants",4,10
"188","short","Cindy","Monday","Lunchtime","OCP Inc.",9,10
"189","short","Evelyn","Thursday","Afternoon","Weyland-Yutani",12,6
"190","long","Tom","Monday","Lunchtime","Tyrell",71,82
"191","short","Cindy","Thursday","Afternoon","Weyland-Yutani",12,5
"192","short","Yvette","Monday","Morning","Weyland-Yutani",4,15
"193","short","Jim","Thursday","Lunchtime","OCP Inc.",8,9
"194","short","Yvette","Wednesday","Morning","Tyrell",16,7
"195","short","Tom","Tuesday","Lunchtime","Mooby's Family Restaurants",3,1
"196","short","Cindy","Tuesday","Afternoon","Mooby's Family Restaurants",1,13
"197","short","Tom","Monday","Afternoon","Weyland-Yutani",3,5
"198","short","Cindy","Monday","Lunchtime","Mooby's Family Restaurants",14,11
"199","short","Cindy","Friday","Afternoon","Tyrell",11,14
"200","short","Evelyn","Monday","Morning","Mooby's Family Restaurants",10,9
"201","short","Cindy","Wednesday","Morning","Tyrell",10,4
"202","long","Yvette","Thursday","Afternoon","OCP Inc.",98,75
"203","short","Yvette","Thursday","Morning","OCP Inc.",1,11
"204","long","Jim","Friday","Lunchtime","OCP Inc.",91,123
"205","long","Tom","Wednesday","Lunchtime","Weyland-Yutani",113,93
"206","short","Evelyn","Thursday","Lunchtime","OCP Inc.",1,10
"207","short","Yvette","Monday","Afternoon","Weyland-Yutani",12,8
"208","short","Cindy","Tuesday","Morning","Tyrell",7,1
"209","short","Evelyn","Wednesday","Lunchtime","Mooby's Family Restaurants",7,1
"210","short","Yvette","Tuesday","Lunchtime","OCP Inc.",12,9
"211","short","Tom","Friday","Morning","Cyberdyne Systems",10,4
"212","short","Cindy","Friday","Lunchtime","OCP Inc.",11,95
"213","short","Yvette","Friday","Morning","Cyberdyne Systems",7,7
"214","short","Cindy","Thursday","Morning","OCP Inc.",11,14
"215","short","Tom","Thursday","Afternoon","Weyland-Yutani",8,11
"216","short","Yvette","Tuesday","Afternoon","Weyland-Yutani",14,8
"217","long","Cindy","Friday","Afternoon","Tyrell",91,56
"218","short","Cindy","Thursday","Lunchtime","OCP Inc.",9,8
"219","short","Cindy","Tuesday","Lunchtime","Cyberdyne Systems",3,110
"220","short","Evelyn","Wednesday","Lunchtime","Tyrell",7,4
"221","short","Tom","Thursday","Lunchtime","Weyland-Yutani",8,14
"222","short","Tom","Thursday","Morning","Mooby's Family Restaurants",6,2
"223","short","Cindy","Monday","Morning","OCP Inc.",2,5
"224","short","Jim","Monday","Afternoon","Tyrell",5,5
"225","short","Cindy","Thursday","Lunchtime","Cyberdyne Systems",8,14
"226","short","Jim","Thursday","Afternoon","Mooby's Family Restaurants",14,9
"227","long","Tom","Thursday","Morning","Tyrell",116,115
"228","short","Jim","Wednesday","Morning","Tyrell",3,13
"229","short","Evelyn","Friday","Lunchtime","Weyland-Yutani",8,13
"230","short","Yvette","Wednesday","Morning","Weyland-Yutani",7,5
"231","long","Yvette","Friday","Lunchtime","Weyland-Yutani",125,90
"232","short","Yvette","Tuesday","Afternoon","Tyrell",5,3
"233","short","Cindy","Wednesday","Afternoon","Mooby's Family Restaurants",1,16
"234","short","Evelyn","Tuesday","Morning","Cyberdyne Systems",11,5
"235","short","Jim","Tuesday","Morning","Weyland-Yutani",14,17
"236","short","Jim","Friday","Afternoon","OCP Inc.",8,5
"237","long","Cindy","Wednesday","Afternoon","Weyland-Yutani",81,89
"238","short","Yvette","Monday","Afternoon","Cyberdyne Systems",10,7
"239","short","Cindy","Thursday","Lunchtime","Tyrell",1,8
"240","long","Yvette","Friday","Lunchtime","Cyberdyne Systems",128,76
"241","long","Jim","Thursday","Lunchtime","OCP Inc.",119,112
"242","short","Tom","Wednesday","Afternoon","OCP Inc.",11,14
"243","short","Jim","Thursday","Morning","Mooby's Family Restaurants",4,8
"244","long","Tom","Thursday","Lunchtime","Cyberdyne Systems",103,109
"245","short","Evelyn","Tuesday","Afternoon","Cyberdyne Systems",14,6
"246","short","Cindy","Monday","Afternoon","Mooby's Family Restaurants",11,1
"247","short","Yvette","Friday","Lunchtime","Weyland-Yutani",10,12
"248","short","Tom","Friday","Lunchtime","Weyland-Yutani",12,13
"249","long","Yvette","Thursday","Morning","OCP Inc.",96,98
"250","long","Evelyn","Thursday","Afternoon","Tyrell",61,83
"251","short","Evelyn","Friday","Morning","Cyberdyne Systems",7,10
"252","long","Tom","Tuesday","Lunchtime","OCP Inc.",100,107
"253","short","Cindy","Wednesday","Morning","Mooby's Family Restaurants",13,8
"254","short","Cindy","Wednesday","Morning","Mooby's Family Restaurants",8,4
"255","short","Evelyn","Monday","Afternoon","Tyrell",9,16
"256","short","Jim","Wednesday","Morning","Mooby's Family Restaurants",8,131
"257","long","Yvette","Thursday","Afternoon","Weyland-Yutani",116,6
"258","short","Cindy","Thursday","Afternoon","Weyland-Yutani",4,12
"259","short","Jim","Wednesday","Afternoon","Tyrell",10,11
"260","short","Evelyn","Monday","Afternoon","Weyland-Yutani",9,5
"261","long","Evelyn","Monday","Lunchtime","Cyberdyne Systems",70,103
"262","long","Cindy","Thursday","Lunchtime","Weyland-Yutani",92,11
"263","short","Jim","Monday","Afternoon","Mooby's Family Restaurants",4,12
"264","long","Yvette","Tuesday","Afternoon","Weyland-Yutani",76,113
"265","short","Evelyn","Friday","Afternoon","Weyland-Yutani",10,8
"266","short","Yvette","Wednesday","Lunchtime","Weyland-Yutani",8,1
"267","long","Evelyn","Friday","Lunchtime","OCP Inc.",94,115
"268","long","Evelyn","Monday","Afternoon","Tyrell",119,106
"269","short","Tom","Wednesday","Afternoon","Tyrell",7,10
"270","short","Jim","Friday","Afternoon","Tyrell",3,6
"271","long","Jim","Friday","Morning","Mooby's Family Restaurants",92,108
"272","short","Cindy","Tuesday","Afternoon","Tyrell",12,1
"273","short","Tom","Tuesday","Lunchtime","Weyland-Yutani",7,78
"274","short","Yvette","Thursday","Lunchtime","Tyrell",12,8
"275","short","Evelyn","Wednesday","Afternoon","Weyland-Yutani",14,15
"276","long","Cindy","Friday","Lunchtime","Cyberdyne Systems",93,93
"277","short","Tom","Friday","Morning","Cyberdyne Systems",2,15
"278","short","Evelyn","Tuesday","Lunchtime","Mooby's Family Restaurants",5,96
"279","long","Evelyn","Friday","Afternoon","Cyberdyne Systems",98,116
"280","short","Yvette","Tuesday","Lunchtime","Cyberdyne Systems",6,5
"281","short","Yvette","Friday","Afternoon","Weyland-Yutani",3,14
"282","short","Cindy","Thursday","Afternoon","Weyland-Yutani",5,9
"283","short","Yvette","Wednesday","Afternoon","Mooby's Family Restaurants",3,12
"284","long","Jim","Tuesday","Lunchtime","Tyrell",116,94
"285","short","Yvette","Tuesday","Lunchtime","Tyrell",8,7
"286","short","Jim","Thursday","Lunchtime","Tyrell",7,14
"287","short","Cindy","Tuesday","Lunchtime","Weyland-Yutani",10,6
"288","short","Tom","Wednesday","Lunchtime","OCP Inc.",14,9
"289","short","Tom","Friday","Lunchtime","Tyrell",7,7
"290","long","Yvette","Tuesday","Afternoon","Mooby's Family Restaurants",103,88
"291","short","Yvette","Thursday","Lunchtime","Tyrell",9,11
"292","short","Cindy","Wednesday","Lunchtime","Cyberdyne Systems",6,12
"293","short","Yvette","Thursday","Afternoon","Cyberdyne Systems",6,7
"294","long","Cindy","Monday","Morning","Weyland-Yutani",109,113
"295","short","Tom","Wednesday","Lunchtime","Mooby's Family Restaurants",6,8
"296","short","Cindy","Thursday","Afternoon","Tyrell",12,7
"297","short","Tom","Monday","Afternoon","Cyberdyne Systems",3,5
"298","short","Yvette","Wednesday","Afternoon","Tyrell",8,13
"299","short","Tom","Thursday","Afternoon","Mooby's Family Restaurants",7,11
"300","long","Yvette","Wednesday","Morning","Weyland-Yutani",116,104
"301","short","Yvette","Tuesday","Afternoon","Weyland-Yutani",7,9
"302","short","Tom","Monday","Afternoon","Tyrell",6,105
"303","short","Tom","Tuesday","Lunchtime","Cyberdyne Systems",8,11
"304","short","Tom","Friday","Morning","OCP Inc.",7,13
"305","long","Yvette","Friday","Lunchtime","Mooby's Family Restaurants",96,81
"306","short","Evelyn","Tuesday","Lunchtime","Cyberdyne Systems",17,7
"307","short","Tom","Monday","Lunchtime","Mooby's Family Restaurants",11,134
"308","short","Tom","Tuesday","Afternoon","Cyberdyne Systems",2,15
"309","short","Evelyn","Friday","Lunchtime","OCP Inc.",12,5
"310","short","Evelyn","Wednesday","Morning","OCP Inc.",10,8
"311","short","Jim","Monday","Lunchtime","Mooby's Family Restaurants",8,2
"312","short","Jim","Wednesday","Afternoon","Tyrell",8,8
"313","long","Cindy","Friday","Afternoon","Mooby's Family Restaurants",97,110
"314","short","Jim","Thursday","Lunchtime","Weyland-Yutani",12,16
"315","short","Yvette","Monday","Lunchtime","Tyrell",11,1
"316","short","Evelyn","Thursday","Afternoon","Tyrell",10,1
"317","short","Cindy","Friday","Afternoon","Weyland-Yutani",6,5
"318","short","Cindy","Monday","Lunchtime","OCP Inc.",13,3
"319","short","Yvette","Wednesday","Lunchtime","Tyrell",11,10
"320","short","Evelyn","Tuesday","Morning","Cyberdyne Systems",4,67
"321","long","Tom","Monday","Lunchtime","Cyberdyne Systems",104,16
"322","short","Yvette","Friday","Afternoon","Weyland-Yutani",7,5
"323","short","Cindy","Monday","Afternoon","Tyrell",7,3
"324","short","Cindy","Thursday","Afternoon","Tyrell",10,4
"325","short","Jim","Thursday","Morning","Weyland-Yutani",8,3
"326","long","Evelyn","Thursday","Afternoon","Cyberdyne Systems",105,7
"327","long","Jim","Monday","Morning","Weyland-Yutani",126,66
"328","short","Cindy","Wednesday","Morning","Tyrell",10,11
"329","short","Cindy","Friday","Afternoon","Mooby's Family Restaurants",8,11
"330","long","Jim","Friday","Afternoon","Weyland-Yutani",58,18
"331","short","Yvette","Thursday","Morning","Tyrell",9,1
"332","long","Tom","Thursday","Morning","OCP Inc.",112,94
"333","short","Cindy","Wednesday","Lunchtime","OCP Inc.",1,8
"334","long","Evelyn","Friday","Morning","OCP Inc.",121,82
"335","long","Tom","Monday","Morning","Cyberdyne Systems",103,123
"336","short","Tom","Thursday","Afternoon","Weyland-Yutani",15,5
"337","short","Yvette","Wednesday","Lunchtime","Tyrell",9,7
"338","short","Jim","Monday","Lunchtime","OCP Inc.",1,5
"339","short","Yvette","Monday","Morning","Tyrell",9,16
"340","short","Cindy","Wednesday","Afternoon","Mooby's Family Restaurants",14,8
"341","short","Cindy","Tuesday","Morning","Tyrell",10,11
"342","short","Cindy","Tuesday","Afternoon","Mooby's Family Restaurants",1,6
"343","long","Tom","Thursday","Morning","Weyland-Yutani",143,89
"344","short","Jim","Wednesday","Morning","OCP Inc.",3,9
"345","short","Yvette","Tuesday","Morning","OCP Inc.",1,14
"346","short","Yvette","Wednesday","Lunchtime","OCP Inc.",8,12
"347","short","Cindy","Wednesday","Lunchtime","Tyrell",5,7
"348","short","Tom","Monday","Lunchtime","Weyland-Yutani",5,11
"349","short","Jim","Tuesday","Lunchtime","Tyrell",7,9
"350","long","Jim","Thursday","Morning","Mooby's Family Restaurants",92,104
"351","long","Tom","Friday","Lunchtime","Mooby's Family Restaurants",81,103
"352","short","Evelyn","Wednesday","Afternoon","Tyrell",4,7
"353","short","Jim","Tuesday","Lunchtime","Mooby's Family Restaurants",9,6
"354","long","Cindy","Thursday","Lunchtime","OCP Inc.",102,89
"355","short","Tom","Thursday","Morning","OCP Inc.",4,81
"356","short","Cindy","Thursday","Morning","Cyberdyne Systems",9,94
"357","short","Cindy","Thursday","Afternoon","Weyland-Yutani",7,4
"358","short","Cindy","Friday","Morning","OCP Inc.",10,1
"359","short","Evelyn","Thursday","Lunchtime","Mooby's Family Restaurants",5,8
"360","short","Yvette","Tuesday","Afternoon","Cyberdyne Systems",8,9
"361","short","Yvette","Wednesday","Lunchtime","OCP Inc.",9,7
"362","short","Yvette","Friday","Lunchtime","OCP Inc.",7,13
"363","short","Yvette","Monday","Afternoon","Tyrell",7,1
"364","short","Cindy","Friday","Afternoon","Weyland-Yutani",7,8
"365","short","Yvette","Thursday","Morning","Cyberdyne Systems",12,8
"366","short","Evelyn","Monday","Afternoon","OCP Inc.",6,10
"367","short","Evelyn","Friday","Lunchtime","Weyland-Yutani",19,16
"368","short","Tom","Wednesday","Morning","OCP Inc.",8,3
"369","short","Jim","Thursday","Lunchtime","Cyberdyne Systems",12,4
"370","short","Jim","Monday","Lunchtime","OCP Inc.",7,8
"371","short","Jim","Monday","Morning","Tyrell",12,5
"372","short","Yvette","Thursday","Lunchtime","OCP Inc.",7,13
"373","long","Yvette","Thursday","Lunchtime","Cyberdyne Systems",91,108
"374","short","Yvette","Friday","Lunchtime","Tyrell",3,2
"375","short","Evelyn","Thursday","Afternoon","Mooby's Family Restaurants",18,1
"376","short","Evelyn","Friday","Lunchtime","Tyrell",3,4
"377","short","Yvette","Monday","Afternoon","Tyrell",9,7
"378","short","Cindy","Friday","Lunchtime","Tyrell",11,5
"379","short","Tom","Thursday","Lunchtime","Mooby's Family Restaurants",11,8
"380","short","Yvette","Wednesday","Morning","Weyland-Yutani",13,7
"381","short","Jim","Wednesday","Morning","OCP Inc.",10,89
"382","short","Tom","Tuesday","Lunchtime","Weyland-Yutani",13,5
"383","short","Yvette","Tuesday","Lunchtime","Mooby's Family Restaurants",12,2
"384","short","Cindy","Wednesday","Morning","Tyrell",12,102
"385","short","Evelyn","Tuesday","Morning","Cyberdyne Systems",5,6
"386","short","Tom","Tuesday","Morning","OCP Inc.",10,8
"387","short","Tom","Thursday","Lunchtime","Mooby's Family Restaurants",15,13
"388","short","Tom","Monday","Afternoon","Mooby's Family Restaurants",7,135
"389","short","Cindy","Monday","Lunchtime","OCP Inc.",3,9
"390","short","Yvette","Monday","Lunchtime","Weyland-Yutani",13,10
"391","short","Cindy","Tuesday","Afternoon","Cyberdyne Systems",10,9
"392","short","Tom","Friday","Lunchtime","OCP Inc.",7,13
"393","short","Jim","Thursday","Afternoon","Mooby's Family Restaurants",9,1
"394","short","Jim","Friday","Morning","OCP Inc.",11,4
"395","long","Yvette","Monday","Morning","Tyrell",79,76
"396","short","Tom","Wednesday","Morning","Tyrell",10,6
"397","short","Jim","Tuesday","Lunchtime","Weyland-Yutani",9,9
"398","short","Yvette","Friday","Morning","OCP Inc.",6,6
"399","long","Evelyn","Tuesday","Morning","Mooby's Family Restaurants",97,90
"400","short","Evelyn","Thursday","Morning","Weyland-Yutani",1,1
"401","short","Yvette","Friday","Afternoon","Weyland-Yutani",7,11
"402","short","Yvette","Monday","Afternoon","Mooby's Family Restaurants",13,10
"403","short","Tom","Monday","Morning","OCP Inc.",5,14
"404","short","Tom","Monday","Lunchtime","Cyberdyne Systems",10,13
"405","short","Jim","Friday","Morning","Mooby's Family Restaurants",4,2
"406","long","Tom","Tuesday","Lunchtime","OCP Inc.",88,96
"407","short","Jim","Monday","Morning","Tyrell",8,8
"408","short","Jim","Monday","Afternoon","OCP Inc.",12,7
"409","short","Cindy","Tuesday","Morning","OCP Inc.",13,8
"410","short","Cindy","Tuesday","Morning","Weyland-Yutani",8,7
"411","short","Evelyn","Tuesday","Lunchtime","Weyland-Yutani",6,8
"412","short","Evelyn","Monday","Afternoon","Tyrell",6,6
"413","short","Tom","Thursday","Lunchtime","Tyrell",8,9
"414","short","Evelyn","Thursday","Lunchtime","OCP Inc.",10,12
"415","short","Cindy","Tuesday","Afternoon","Weyland-Yutani",10,8
"416","long","Cindy","Friday","Lunchtime","Tyrell",89,6
"417","short","Jim","Wednesday","Lunchtime","Mooby's Family Restaurants",11,4
"418","long","Evelyn","Friday","Afternoon","Tyrell",71,123
"419","short","Jim","Friday","Afternoon","Tyrell",7,4
"420","short","Yvette","Monday","Afternoon","OCP Inc.",9,81
"421","short","Tom","Friday","Lunchtime","OCP Inc.",7,14
"422","long","Yvette","Tuesday","Afternoon","Tyrell",100,70
"423","short","Cindy","Monday","Afternoon","Mooby's Family Restaurants",17,3
"424","long","Cindy","Friday","Afternoon","Weyland-Yutani",111,91
"425","short","Evelyn","Tuesday","Afternoon","Tyrell",5,5
"426","short","Yvette","Tuesday","Morning","Weyland-Yutani",7,11
"427","short","Evelyn","Wednesday","Lunchtime","Weyland-Yutani",12,1
"428","short","Evelyn","Monday","Morning","Cyberdyne Systems",5,13
"429","short","Evelyn","Friday","Morning","Weyland-Yutani",12,13
"430","short","Evelyn","Monday","Afternoon","Cyberdyne Systems",11,10
"431","short","Cindy","Monday","Lunchtime","Cyberdyne Systems",5,1
"432","short","Tom","Friday","Lunchtime","Weyland-Yutani",3,97
"433","short","Cindy","Monday","Lunchtime","Mooby's Family Restaurants",8,2
"434","short","Evelyn","Wednesday","Lunchtime","Mooby's Family Restaurants",6,11
"435","short","Jim","Monday","Afternoon","Tyrell",3,1
"436","short","Evelyn","Friday","Morning","Mooby's Family Restaurants",13,9
"437","short","Tom","Monday","Morning","Mooby's Family Restaurants",6,7
"438","short","Yvette","Thursday","Lunchtime","Cyberdyne Systems",7,5
"439","long","Jim","Friday","Afternoon","Tyrell",102,114
"440","short","Tom","Friday","Morning","OCP Inc.",11,1
"441","short","Yvette","Thursday","Afternoon","Mooby's Family Restaurants",7,12
"442","short","Jim","Friday","Lunchtime","Tyrell",8,11
"443","long","Cindy","Thursday","Lunchtime","Weyland-Yutani",115,101
"444","short","Evelyn","Tuesday","Morning","Weyland-Yutani",10,7
"445","short","Yvette","Friday","Lunchtime","Cyberdyne Systems",3,13
"446","short","Jim","Tuesday","Morning","OCP Inc.",7,3
"447","long","Yvette","Tuesday","Morning","Mooby's Family Restaurants",89,128
"448","long","Tom","Friday","Lunchtime","Mooby's Family Restaurants",91,106
"449","long","Evelyn","Friday","Lunchtime","Cyberdyne Systems",102,101
"450","short","Evelyn","Wednesday","Lunchtime","OCP Inc.",2,5
"451","long","Evelyn","Wednesday","Afternoon","OCP Inc.",78,127
"452","short","Jim","Friday","Morning","Weyland-Yutani",9,10
"453","short","Evelyn","Thursday","Afternoon","Cyberdyne Systems",9,4
"454","short","Cindy","Tuesday","Morning","OCP Inc.",12,9
"455","short","Jim","Friday","Morning","OCP Inc.",5,11
"456","short","Evelyn","Friday","Afternoon","Cyberdyne Systems",7,9
"457","short","Evelyn","Wednesday","Lunchtime","OCP Inc.",9,9
"458","short","Yvette","Monday","Afternoon","Tyrell",9,13
"459","short","Cindy","Wednesday","Morning","Cyberdyne Systems",10,3
"460","short","Jim","Tuesday","Lunchtime","Cyberdyne Systems",6,128
"461","long","Jim","Wednesday","Afternoon","Tyrell",117,98
"462","short","Evelyn","Friday","Lunchtime","Weyland-Yutani",9,10
"463","short","Yvette","Friday","Lunchtime","OCP Inc.",8,9
"464","short","Tom","Wednesday","Morning","OCP Inc.",10,10
"465","short","Yvette","Tuesday","Lunchtime","Weyland-Yutani",6,6
"466","short","Yvette","Tuesday","Lunchtime","OCP Inc.",7,11
"467","short","Jim","Thursday","Morning","Cyberdyne Systems",7,13
"468","short","Evelyn","Wednesday","Afternoon","OCP Inc.",5,81
"469","short","Yvette","Tuesday","Afternoon","Tyrell",4,9
"470","long","Evelyn","Friday","Afternoon","OCP Inc.",106,11
"471","short","Evelyn","Monday","Lunchtime","Weyland-Yutani",12,9
"472","short","Cindy","Wednesday","Morning","Tyrell",12,8
"473","short","Evelyn","Wednesday","Afternoon","Weyland-Yutani",4,1
"474","short","Yvette","Tuesday","Morning","Cyberdyne Systems",4,3
"475","short","Cindy","Thursday","Lunchtime","Weyland-Yutani",8,8
"476","long","Yvette","Monday","Afternoon","Mooby's Family Restaurants",110,112
"477","short","Jim","Friday","Afternoon","OCP Inc.",3,4
"478","short","Tom","Friday","Lunchtime","OCP Inc.",1,3
"479","long","Yvette","Tuesday","Lunchtime","Cyberdyne Systems",94,95
"480","long","Jim","Thursday","Lunchtime","Weyland-Yutani",93,111
"481","long","Cindy","Tuesday","Morning","Mooby's Family Restaurants",103,93
"482","short","Evelyn","Thursday","Morning","Cyberdyne Systems",8,10
"483","short","Yvette","Friday","Morning","OCP Inc.",12,10
"484","short","Evelyn","Tuesday","Afternoon","OCP Inc.",5,9
"485","short","Cindy","Friday","Morning","Cyberdyne Systems",8,10
"486","short","Yvette","Wednesday","Morning","Weyland-Yutani",5,14
"487","short","Tom","Wednesday","Afternoon","Mooby's Family Restaurants",2,11
"488","short","Evelyn","Monday","Afternoon","Tyrell",7,108
"489","short","Jim","Thursday","Afternoon","Mooby's Family Restaurants",5,3
"490","short","Jim","Wednesday","Morning","Cyberdyne Systems",18,98
"491","short","Jim","Tuesday","Lunchtime","OCP Inc.",3,4
"492","long","Tom","Friday","Lunchtime","Cyberdyne Systems",103,90
"493","short","Yvette","Tuesday","Afternoon","OCP Inc.",10,13
"494","long","Tom","Monday","Lunchtime","Tyrell",87,114
"495","long","Cindy","Tuesday","Afternoon","Mooby's Family Restaurants",76,115
"496","long","Jim","Tuesday","Morning","Tyrell",104,101
"497","short","Tom","Friday","Afternoon","Weyland-Yutani",3,13
"498","short","Jim","Tuesday","Lunchtime","Weyland-Yutani",11,2
"499","short","Jim","Monday","Morning","Cyberdyne Systems",9,91
"500","short","Yvette","Monday","Lunchtime","Weyland-Yutani",3,11
"501","short","Jim","Wednesday","Afternoon","Tyrell",9,11
"502","long","Tom","Friday","Afternoon","Mooby's Family Restaurants",69,82
"503","short","Yvette","Tuesday","Afternoon","Mooby's Family Restaurants",4,6
"504","short","Tom","Tuesday","Afternoon","Cyberdyne Systems",12,6
"505","short","Yvette","Wednesday","Lunchtime","Weyland-Yutani",11,13
"506","short","Evelyn","Wednesday","Morning","Tyrell",7,4
"507","short","Jim","Monday","Afternoon","Weyland-Yutani",5,11
"508","short","Cindy","Thursday","Afternoon","Weyland-Yutani",6,3
"509","short","Jim","Tuesday","Afternoon","OCP Inc.",3,5
"510","long","Evelyn","Tuesday","Lunchtime","Cyberdyne Systems",83,63
"511","short","Yvette","Thursday","Morning","Tyrell",7,8
"512","long","Tom","Wednesday","Morning","OCP Inc.",105,100
"513","short","Yvette","Monday","Lunchtime","Cyberdyne Systems",4,7
"514","short","Tom","Monday","Afternoon","Weyland-Yutani",10,7
"515","long","Cindy","Tuesday","Morning","Weyland-Yutani",104,97
"516","short","Yvette","Monday","Afternoon","Mooby's Family Restaurants",3,13
"517","short","Evelyn","Wednesday","Lunchtime","OCP Inc.",12,7
"518","short","Tom","Wednesday","Afternoon","OCP Inc.",2,88
"519","short","Yvette","Wednesday","Afternoon","Mooby's Family Restaurants",12,7
"520","short","Cindy","Friday","Afternoon","Tyrell",12,115
"521","short","Yvette","Tuesday","Morning","Mooby's Family Restaurants",11,8
"522","short","Yvette","Friday","Afternoon","Mooby's Family Restaurants",4,73
"523","short","Cindy","Tuesday","Morning","Cyberdyne Systems",12,17
"524","long","Tom","Friday","Lunchtime","Mooby's Family Restaurants",76,96
"525","short","Yvette","Monday","Morning","Mooby's Family Restaurants",13,13
"526","long","Tom","Tuesday","Lunchtime","Mooby's Family Restaurants",87,95
"527","short","Yvette","Thursday","Afternoon","Tyrell",12,9
"528","short","Jim","Wednesday","Afternoon","Weyland-Yutani",9,9
"529","short","Jim","Wednesday","Lunchtime","Weyland-Yutani",5,16
"530","short","Yvette","Friday","Lunchtime","Weyland-Yutani",8,9
"531","short","Yvette","Tuesday","Afternoon","Weyland-Yutani",1,10
"532","short","Tom","Friday","Afternoon","Cyberdyne Systems",11,10
"533","long","Evelyn","Wednesday","Morning","Cyberdyne Systems",61,99
"534","short","Evelyn","Friday","Morning","Mooby's Family Restaurants",6,4
"535","short","Yvette","Friday","Afternoon","Cyberdyne Systems",4,8
"536","short","Cindy","Monday","Lunchtime","Cyberdyne Systems",3,5
"537","short","Tom","Thursday","Lunchtime","Weyland-Yutani",5,12
"538","short","Tom","Wednesday","Afternoon","Tyrell",11,10
"539","short","Tom","Friday","Afternoon","Tyrell",3,12
"540","long","Cindy","Friday","Lunchtime","Weyland-Yutani",62,88
"541","short","Yvette","Tuesday","Afternoon","Mooby's Family Restaurants",12,97
"542","long","Tom","Friday","Morning","Mooby's Family Restaurants",98,70
"543","short","Yvette","Monday","Lunchtime","OCP Inc.",6,8
"544","short","Evelyn","Friday","Lunchtime","Weyland-Yutani",2,2
"545","long","Jim","Thursday","Afternoon","Mooby's Family Restaurants",116,102
"546","short","Tom","Monday","Afternoon","Mooby's Family Restaurants",10,82
"547","short","Cindy","Tuesday","Afternoon","Tyrell",5,9
"548","short","Cindy","Monday","Afternoon","Tyrell",7,8
"549","long","Cindy","Tuesday","Morning","OCP Inc.",111,126
"550","short","Tom","Friday","Lunchtime","OCP Inc.",1,11
"551","short","Jim","Thursday","Lunchtime","Cyberdyne Systems",4,3
"552","short","Cindy","Monday","Afternoon","Cyberdyne Systems",10,11
"553","short","Jim","Tuesday","Morning","Cyberdyne Systems",16,6
"554","long","Tom","Monday","Afternoon","Tyrell",85,98
"555","short","Jim","Wednesday","Morning","Cyberdyne Systems",8,8
"556","short","Cindy","Friday","Morning","Cyberdyne Systems",17,10
"557","short","Jim","Thursday","Lunchtime","Cyberdyne Systems",3,10
"558","short","Jim","Friday","Lunchtime","Weyland-Yutani",5,16
"559","long","Evelyn","Monday","Afternoon","Weyland-Yutani",115,80
"560","short","Cindy","Tuesday","Morning","OCP Inc.",4,1
"561","short","Tom","Monday","Afternoon","Weyland-Yutani",12,8
"562","short","Jim","Wednesday","Afternoon","Cyberdyne Systems",2,15
"563","short","Tom","Thursday","Lunchtime","Tyrell",15,11
"564","short","Evelyn","Monday","Afternoon","Mooby's Family Restaurants",10,7
"565","short","Tom","Friday","Morning","Weyland-Yutani",15,9
"566","short","Tom","Friday","Morning","OCP Inc.",2,9
"567","short","Jim","Thursday","Morning","OCP Inc.",5,11
"568","short","Evelyn","Wednesday","Lunchtime","Weyland-Yutani",12,8
"569","short","Evelyn","Tuesday","Lunchtime","Mooby's Family Restaurants",10,8
"570","long","Tom","Friday","Afternoon","Cyberdyne Systems",97,102
"571","short","Yvette","Monday","Lunchtime","Weyland-Yutani",9,11
"572","short","Jim","Wednesday","Lunchtime","OCP Inc.",5,7
"573","short","Jim","Friday","Lunchtime","Mooby's Family Restaurants",7,9
"574","short","Jim","Tuesday","Morning","Weyland-Yutani",3,6
"575","long","Yvette","Thursday","Lunchtime","Tyrell",83,98
"576","short","Yvette","Thursday","Morning","Tyrell",8,13
"577","short","Jim","Friday","Lunchtime","Weyland-Yutani",1,9
"578","short","Tom","Tuesday","Morning","Cyberdyne Systems",18,99
"579","short","Cindy","Monday","Afternoon","Cyberdyne Systems",17,10
"580","short","Yvette","Wednesday","Lunchtime","Mooby's Family Restaurants",11,7
"581","short","Yvette","Thursday","Lunchtime","Tyrell",7,10
"582","short","Evelyn","Wednesday","Afternoon","Weyland-Yutani",8,7
"583","short","Tom","Wednesday","Morning","Tyrell",8,13
"584","short","Jim","Friday","Afternoon","OCP Inc.",14,1
"585","short","Cindy","Tuesday","Lunchtime","Tyrell",9,8
"586","long","Yvette","Thursday","Afternoon","Tyrell",110,102
"587","short","Cindy","Wednesday","Afternoon","OCP Inc.",7,1
"588","short","Tom","Tuesday","Lunchtime","Tyrell",7,9
"589","long","Jim","Friday","Morning","Cyberdyne Systems",98,77
"590","short","Jim","Wednesday","Lunchtime","Tyrell",14,14
"591","short","Tom","Friday","Morning","Weyland-Yutani",10,12
"592","short","Cindy","Friday","Lunchtime","Cyberdyne Systems",2,9
"593","short","Tom","Friday","Morning","Tyrell",9,8
"594","short","Evelyn","Friday","Morning","Mooby's Family Restaurants",10,14
"595","long","Evelyn","Tuesday","Lunchtime","Weyland-Yutani",100,109
"596","short","Tom","Thursday","Morning","Weyland-Yutani",10,13
"597","short","Cindy","Wednesday","Lunchtime","Cyberdyne Systems",15,7
"598","short","Evelyn","Tuesday","Lunchtime","Weyland-Yutani",9,3
"599","short","Jim","Friday","Morning","Tyrell",7,4
"600","short","Evelyn","Thursday","Afternoon","Cyberdyne Systems",12,5
"601","short","Jim","Thursday","Afternoon","OCP Inc.",8,8
"602","short","Yvette","Wednesday","Afternoon","Weyland-Yutani",2,6
"603","short","Yvette","Wednesday","Afternoon","Weyland-Yutani",8,7
"604","short","Tom","Friday","Morning","Tyrell",8,8
"605","short","Yvette","Tuesday","Lunchtime","Mooby's Family Restaurants",10,6
"606","short","Tom","Thursday","Lunchtime","Cyberdyne Systems",13,1
"607","short","Tom","Tuesday","Morning","OCP Inc.",2,12
"608","short","Yvette","Friday","Afternoon","Mooby's Family Restaurants",11,3
"609","short","Jim","Wednesday","Afternoon","Weyland-Yutani",2,10
"610","short","Evelyn","Friday","Morning","OCP Inc.",7,13
"611","long","Yvette","Tuesday","Lunchtime","Tyrell",100,96
"612","short","Yvette","Friday","Lunchtime","Cyberdyne Systems",6,1
"613","short","Cindy","Monday","Lunchtime","Tyrell",3,9
"614","short","Cindy","Friday","Morning","Tyrell",5,9
"615","short","Evelyn","Thursday","Afternoon","Mooby's Family Restaurants",7,1
"616","short","Yvette","Thursday","Lunchtime","Weyland-Yutani",10,11
"617","short","Yvette","Tuesday","Morning","Cyberdyne Systems",8,10
"618","short","Cindy","Friday","Lunchtime","Tyrell",1,10
"619","short","Evelyn","Wednesday","Morning","OCP Inc.",6,8
"620","short","Evelyn","Monday","Lunchtime","Weyland-Yutani",1,3
"621","short","Yvette","Friday","Afternoon","Weyland-Yutani",6,6
"622","short","Cindy","Wednesday","Lunchtime","Mooby's Family Restaurants",7,8
"623","long","Yvette","Friday","Morning","Cyberdyne Systems",91,98
"624","short","Jim","Monday","Afternoon","Weyland-Yutani",8,12
"625","short","Jim","Monday","Lunchtime","Mooby's Family Restaurants",14,11
"626","short","Tom","Wednesday","Morning","Tyrell",8,12
"627","short","Jim","Friday","Morning","OCP Inc.",9,5
"628","short","Yvette","Thursday","Morning","Cyberdyne Systems",8,6
"629","long","Cindy","Wednesday","Morning","Cyberdyne Systems",91,66
"630","short","Cindy","Wednesday","Lunchtime","Tyrell",9,7
"631","short","Jim","Friday","Afternoon","Tyrell",13,11
"632","long","Cindy","Thursday","Afternoon","Cyberdyne Systems",102,87
"633","short","Tom","Monday","Lunchtime","Weyland-Yutani",10,11
"634","short","Tom","Friday","Morning","Cyberdyne Systems",2,4
"635","short","Cindy","Tuesday","Morning","Weyland-Yutani",7,3
"636","long","Cindy","Monday","Afternoon","Tyrell",132,88
"637","short","Jim","Monday","Lunchtime","Weyland-Yutani",4,9
"638","long","Cindy","Tuesday","Afternoon","Weyland-Yutani",103,83
"639","long","Yvette","Thursday","Afternoon","Tyrell",100,73
"640","short","Evelyn","Wednesday","Lunchtime","OCP Inc.",6,8
"641","short","Jim","Thursday","Lunchtime","Tyrell",11,1
"642","short","Evelyn","Thursday","Lunchtime","OCP Inc.",9,11
"643","short","Jim","Monday","Afternoon","OCP Inc.",8,15
"644","long","Cindy","Monday","Morning","OCP Inc.",87,76
"645","short","Cindy","Tuesday","Morning","Cyberdyne Systems",5,6
"646","short","Tom","Wednesday","Lunchtime","Tyrell",13,14
"647","short","Tom","Friday","Morning","OCP Inc.",7,2
"648","short","Evelyn","Wednesday","Lunchtime","Cyberdyne Systems",1,9
"649","short","Cindy","Wednesday","Morning","Mooby's Family Restaurants",2,10
"650","short","Tom","Tuesday","Lunchtime","Mooby's Family Restaurants",2,13
"651","long","Evelyn","Wednesday","Morning","Weyland-Yutani",91,70
"652","short","Jim","Monday","Afternoon","Cyberdyne Systems",9,1
"653","short","Evelyn","Wednesday","Morning","Tyrell",9,2
"654","short","Evelyn","Monday","Morning","OCP Inc.",4,6
"655","short","Yvette","Thursday","Morning","Cyberdyne Systems",6,3
"656","short","Cindy","Tuesday","Morning","OCP Inc.",10,14
"657","short","Evelyn","Tuesday","Lunchtime","Mooby's Family Restaurants",5,9
"658","short","Cindy","Thursday","Morning","Tyrell",2,1
"659","short","Yvette","Friday","Lunchtime","Cyberdyne Systems",14,13
"660","short","Jim","Thursday","Afternoon","OCP Inc.",10,7
"661","short","Jim","Monday","Lunchtime","Weyland-Yutani",12,4
"662","long","Yvette","Monday","Lunchtime","Weyland-Yutani",111,85
"663","long","Cindy","Friday","Afternoon","Tyrell",85,95
"664","long","Evelyn","Thursday","Afternoon","Tyrell",91,74
"665","short","Jim","Friday","Morning","Weyland-Yutani",6,11
"666","short","Cindy","Tuesday","Afternoon","Weyland-Yutani",2,9
"667","short","Tom","Wednesday","Afternoon","OCP Inc.",11,3
"668","short","Yvette","Monday","Afternoon","Weyland-Yutani",8,7
"669","short","Yvette","Thursday","Lunchtime","OCP Inc.",1,8
"670","short","Evelyn","Thursday","Lunchtime","Tyrell",13,5
"671","short","Cindy","Friday","Lunchtime","Tyrell",10,10
"672","short","Tom","Wednesday","Lunchtime","Weyland-Yutani",11,9
"673","short","Yvette","Wednesday","Lunchtime","OCP Inc.",9,104
"674","short","Yvette","Wednesday","Lunchtime","Tyrell",17,4
"675","long","Yvette","Friday","Lunchtime","Cyberdyne Systems",116,91
"676","long","Jim","Thursday","Afternoon","Weyland-Yutani",78,97
"677","short","Cindy","Monday","Afternoon","OCP Inc.",15,10
"678","short","Tom","Monday","Afternoon","Mooby's Family Restaurants",8,2
"679","short","Evelyn","Thursday","Afternoon","Tyrell",4,1
"680","short","Evelyn","Thursday","Morning","Weyland-Yutani",16,10
"681","short","Evelyn","Monday","Morning","Tyrell",10,4
"682","short","Evelyn","Monday","Lunchtime","Tyrell",11,6
"683","short","Cindy","Thursday","Lunchtime","Tyrell",10,15
"684","long","Cindy","Tuesday","Afternoon","Cyberdyne Systems",126,87
"685","short","Cindy","Monday","Lunchtime","Cyberdyne Systems",7,11
"686","short","Evelyn","Wednesday","Morning","OCP Inc.",16,8
"687","long","Tom","Monday","Morning","Tyrell",120,92
"688","short","Evelyn","Thursday","Morning","OCP Inc.",11,3
"689","short","Evelyn","Wednesday","Lunchtime","Cyberdyne Systems",11,93
"690","short","Jim","Monday","Morning","OCP Inc.",9,9
"691","short","Cindy","Tuesday","Lunchtime","Tyrell",12,5
"692","long","Evelyn","Tuesday","Afternoon","OCP Inc.",106,109
"693","short","Evelyn","Thursday","Morning","Mooby's Family Restaurants",9,14
"694","short","Yvette","Monday","Morning","Cyberdyne Systems",6,6
"695","short","Yvette","Thursday","Afternoon","Tyrell",3,3
"696","long","Tom","Monday","Morning","Tyrell",109,98
"697","long","Evelyn","Thursday","Morning","Weyland-Yutani",109,97
"698","short","Jim","Monday","Morning","Cyberdyne Systems",9,4
"699","short","Evelyn","Wednesday","Lunchtime","Weyland-Yutani",13,4
"700","short","Yvette","Friday","Morning","Tyrell",5,13
"701","short","Yvette","Friday","Lunchtime","Tyrell",8,1
"702","short","Yvette","Thursday","Morning","Tyrell",3,6
"703","short","Yvette","Friday","Morning","Cyberdyne Systems",11,18
"704","long","Jim","Friday","Lunchtime","Weyland-Yutani",108,78
"705","short","Yvette","Monday","Afternoon","OCP Inc.",11,7
"706","short","Evelyn","Tuesday","Morning","Cyberdyne Systems",12,14
"707","short","Tom","Monday","Morning","Cyberdyne Systems",12,7
"708","short","Yvette","Thursday","Lunchtime","OCP Inc.",1,5
"709","short","Evelyn","Monday","Lunchtime","Mooby's Family Restaurants",8,7
"710","short","Cindy","Thursday","Lunchtime","Mooby's Family Restaurants",6,10
"711","short","Yvette","Wednesday","Morning","Weyland-Yutani",15,13
"712","short","Jim","Tuesday","Afternoon","Cyberdyne Systems",13,7
"713","short","Evelyn","Tuesday","Morning","Mooby's Family Restaurants",11,5
"714","short","Evelyn","Friday","Morning","OCP Inc.",12,12
"715","long","Cindy","Monday","Lunchtime","Weyland-Yutani",77,49
"716","short","Evelyn","Monday","Afternoon","OCP Inc.",4,4
"717","short","Yvette","Wednesday","Afternoon","Cyberdyne Systems",5,10
"718","short","Jim","Thursday","Afternoon","OCP Inc.",11,5
"719","short","Evelyn","Monday","Lunchtime","Weyland-Yutani",7,6
"720","short","Cindy","Monday","Morning","Mooby's Family Restaurants",6,11
"721","short","Tom","Wednesday","Lunchtime","OCP Inc.",12,8
"722","short","Tom","Thursday","Morning","Weyland-Yutani",3,5
"723","short","Tom","Monday","Morning","Weyland-Yutani",11,5
"724","short","Cindy","Tuesday","Lunchtime","OCP Inc.",6,10
"725","long","Tom","Friday","Morning","Cyberdyne Systems",112,83
"726","short","Yvette","Thursday","Afternoon","Cyberdyne Systems",8,2
"727","long","Tom","Friday","Afternoon","Mooby's Family Restaurants",118,101
"728","short","Yvette","Tuesday","Lunchtime","Tyrell",4,11
"729","short","Jim","Thursday","Lunchtime","Weyland-Yutani",10,13
"730","short","Tom","Friday","Morning","Tyrell",10,11
"731","short","Yvette","Tuesday","Lunchtime","Cyberdyne Systems",1,3
"732","short","Yvette","Monday","Afternoon","Cyberdyne Systems",9,3
"733","long","Evelyn","Wednesday","Morning","OCP Inc.",96,97
"734","short","Tom","Tuesday","Afternoon","Tyrell",4,12
"735","short","Yvette","Monday","Morning","Weyland-Yutani",5,8
"736","short","Evelyn","Wednesday","Afternoon","Weyland-Yutani",8,12
"737","short","Yvette","Thursday","Afternoon","Tyrell",1,6
"738","short","Yvette","Thursday","Lunchtime","Cyberdyne Systems",6,2
"739","short","Tom","Friday","Morning","Tyrell",7,18
"740","short","Evelyn","Monday","Afternoon","Weyland-Yutani",10,4
"741","short","Tom","Monday","Morning","Weyland-Yutani",6,98
"742","short","Yvette","Tuesday","Afternoon","Weyland-Yutani",7,11
"743","long","Evelyn","Friday","Morning","OCP Inc.",123,97
"744","short","Jim","Tuesday","Morning","Weyland-Yutani",3,11
"745","short","Cindy","Tuesday","Afternoon","Weyland-Yutani",11,15
"746","short","Jim","Wednesday","Morning","Mooby's Family Restaurants",10,11
"747","short","Jim","Thursday","Morning","Mooby's Family Restaurants",8,8
"748","short","Evelyn","Wednesday","Morning","Mooby's Family Restaurants",4,8
"749","short","Tom","Thursday","Lunchtime","OCP Inc.",9,6
"750","short","Cindy","Friday","Lunchtime","Cyberdyne Systems",13,7
"751","long","Yvette","Thursday","Morning","Cyberdyne Systems",77,111
"752","short","Tom","Tuesday","Morning","Mooby's Family Restaurants",12,16
"753","short","Evelyn","Tuesday","Afternoon","Mooby's Family Restaurants",16,8
"754","short","Yvette","Thursday","Lunchtime","Cyberdyne Systems",13,6
"755","short","Jim","Friday","Lunchtime","OCP Inc.",4,9
"756","long","Cindy","Wednesday","Afternoon","Cyberdyne Systems",102,117
"757","short","Tom","Friday","Morning","Weyland-Yutani",6,16
"758","short","Yvette","Tuesday","Afternoon","OCP Inc.",8,81
"759","short","Evelyn","Tuesday","Morning","Tyrell",8,14
"760","long","Cindy","Thursday","Morning","OCP Inc.",89,107
"761","long","Evelyn","Wednesday","Lunchtime","Cyberdyne Systems",95,87
"762","long","Cindy","Monday","Afternoon","Tyrell",84,78
"763","short","Evelyn","Friday","Morning","Tyrell",9,12
"764","short","Jim","Friday","Afternoon","Tyrell",11,6
"765","short","Tom","Monday","Morning","Mooby's Family Restaurants",7,4
"766","short","Yvette","Wednesday","Lunchtime","Cyberdyne Systems",11,101
"767","short","Tom","Thursday","Lunchtime","OCP Inc.",12,4
"768","long","Cindy","Wednesday","Lunchtime","Mooby's Family Restaurants",98,75
"769","short","Jim","Thursday","Morning","Tyrell",9,13
"770","long","Evelyn","Tuesday","Morning","Mooby's Family Restaurants",90,106
"771","short","Cindy","Monday","Lunchtime","Weyland-Yutani",10,8
"772","short","Evelyn","Tuesday","Lunchtime","Weyland-Yutani",8,6
"773","short","Evelyn","Thursday","Afternoon","Mooby's Family Restaurants",7,6
"774","long","Evelyn","Thursday","Lunchtime","Weyland-Yutani",116,69
"775","short","Tom","Friday","Afternoon","Tyrell",9,8
"776","short","Jim","Friday","Morning","Mooby's Family Restaurants",10,8
"777","short","Cindy","Tuesday","Morning","Weyland-Yutani",12,5
"778","short","Jim","Thursday","Morning","Weyland-Yutani",9,10
"779","short","Jim","Friday","Morning","Weyland-Yutani",7,9
"780","long","Tom","Monday","Morning","Tyrell",91,89
"781","short","Evelyn","Friday","Afternoon","Tyrell",11,6
"782","short","Jim","Friday","Morning","OCP Inc.",11,4
"783","short","Tom","Monday","Morning","Tyrell",5,4
"784","short","Evelyn","Wednesday","Morning","Mooby's Family Restaurants",1,11
"785","short","Yvette","Friday","Afternoon","Cyberdyne Systems",4,16
"786","long","Tom","Thursday","Morning","Mooby's Family Restaurants",117,97
"787","short","Jim","Monday","Afternoon","Weyland-Yutani",18,7
"788","short","Tom","Monday","Lunchtime","Mooby's Family Restaurants",6,1
"789","short","Tom","Wednesday","Afternoon","Cyberdyne Systems",4,4
"790","short","Tom","Friday","Lunchtime","Cyberdyne Systems",7,1
"791","short","Jim","Tuesday","Morning","Cyberdyne Systems",5,4
"792","long","Yvette","Friday","Afternoon","OCP Inc.",82,79
"793","short","Jim","Friday","Lunchtime","Cyberdyne Systems",8,9
"794","short","Cindy","Wednesday","Afternoon","OCP Inc.",1,114
"795","long","Evelyn","Friday","Afternoon","Mooby's Family Restaurants",110,87
"796","long","Cindy","Tuesday","Lunchtime","Cyberdyne Systems",99,75
"797","short","Tom","Thursday","Lunchtime","Weyland-Yutani",15,1
"798","short","Cindy","Friday","Morning","Mooby's Family Restaurants",9,7
"799","long","Evelyn","Tuesday","Lunchtime","Mooby's Family Restaurants",103,113
"800","short","Tom","Wednesday","Afternoon","Weyland-Yutani",12,13
"801","short","Evelyn","Monday","Afternoon","Cyberdyne Systems",11,1
"802","short","Jim","Friday","Lunchtime","Tyrell",10,11
"803","long","Yvette","Wednesday","Lunchtime","Tyrell",74,99
"804","short","Cindy","Tuesday","Afternoon","OCP Inc.",10,12
"805","short","Yvette","Tuesday","Morning","OCP Inc.",3,8
"806","long","Yvette","Thursday","Lunchtime","Weyland-Yutani",93,85
"807","short","Jim","Wednesday","Afternoon","OCP Inc.",10,7
"808","short","Evelyn","Wednesday","Lunchtime","OCP Inc.",13,14
"809","long","Tom","Wednesday","Morning","Tyrell",91,95
"810","short","Jim","Friday","Lunchtime","OCP Inc.",9,1
"811","long","Jim","Friday","Lunchtime","Mooby's Family Restaurants",90,118
"812","short","Jim","Thursday","Afternoon","Mooby's Family Restaurants",5,3
"813","short","Cindy","Friday","Afternoon","Weyland-Yutani",4,14
"814","short","Tom","Monday","Lunchtime","OCP Inc.",9,12
"815","long","Cindy","Thursday","Lunchtime","Weyland-Yutani",71,97
"816","short","Tom","Friday","Morning","OCP Inc.",4,105
"817","short","Yvette","Friday","Lunchtime","Tyrell",6,11
"818","long","Jim","Monday","Lunchtime","Mooby's Family Restaurants",109,92
"819","short","Cindy","Thursday","Morning","Mooby's Family Restaurants",8,8
"820","short","Jim","Friday","Morning","Tyrell",7,84
"821","short","Evelyn","Tuesday","Afternoon","Cyberdyne Systems",11,12
"822","short","Evelyn","Thursday","Morning","OCP Inc.",7,13
"823","short","Tom","Tuesday","Morning","Mooby's Family Restaurants",5,11
"824","short","Tom","Wednesday","Afternoon","OCP Inc.",7,3
"825","long","Evelyn","Thursday","Lunchtime","Mooby's Family Restaurants",135,105
"826","short","Cindy","Tuesday","Afternoon","Mooby's Family Restaurants",10,11
"827","short","Yvette","Tuesday","Afternoon","Tyrell",3,9
"828","short","Jim","Friday","Afternoon","Tyrell",2,1
"829","short","Cindy","Thursday","Afternoon","Weyland-Yutani",4,93
"830","short","Yvette","Wednesday","Afternoon","Weyland-Yutani",8,12
"831","short","Tom","Wednesday","Afternoon","Mooby's Family Restaurants",4,11
"832","short","Tom","Friday","Afternoon","Mooby's Family Restaurants",1,7
"833","short","Cindy","Monday","Afternoon","OCP Inc.",5,1
"834","long","Tom","Tuesday","Afternoon","Mooby's Family Restaurants",58,113
"835","short","Evelyn","Thursday","Morning","Weyland-Yutani",9,8
"836","short","Cindy","Monday","Lunchtime","Cyberdyne Systems",7,11
"837","short","Jim","Wednesday","Lunchtime","Weyland-Yutani",1,4
"838","short","Cindy","Friday","Lunchtime","Cyberdyne Systems",5,111
"839","short","Tom","Tuesday","Morning","Tyrell",7,10
"840","long","Yvette","Tuesday","Lunchtime","Cyberdyne Systems",119,58
"841","short","Cindy","Friday","Afternoon","OCP Inc.",11,1
"842","long","Tom","Monday","Morning","OCP Inc.",97,108
"843","short","Evelyn","Thursday","Lunchtime","Mooby's Family Restaurants",12,1
"844","short","Cindy","Wednesday","Lunchtime","OCP Inc.",11,4
"845","short","Jim","Tuesday","Morning","Weyland-Yutani",7,12
"846","short","Cindy","Tuesday","Morning","Weyland-Yutani",5,1
"847","short","Yvette","Monday","Morning","OCP Inc.",7,3
"848","short","Evelyn","Wednesday","Afternoon","Mooby's Family Restaurants",4,9
"849","short","Yvette","Tuesday","Lunchtime","Cyberdyne Systems",11,5
"850","short","Tom","Tuesday","Morning","Cyberdyne Systems",5,6
"851","long","Tom","Monday","Afternoon","Mooby's Family Restaurants",69,96
"852","short","Tom","Tuesday","Afternoon","OCP Inc.",10,88
"853","short","Cindy","Tuesday","Morning","Cyberdyne Systems",13,6
"854","short","Yvette","Thursday","Afternoon","Tyrell",1,13
"855","short","Jim","Thursday","Morning","Cyberdyne Systems",8,14
"856","short","Jim","Monday","Afternoon","Mooby's Family Restaurants",8,7
"857","short","Jim","Friday","Afternoon","Tyrell",8,91
"858","long","Tom","Friday","Lunchtime","Tyrell",94,96
"859","short","Tom","Wednesday","Lunchtime","Cyberdyne Systems",12,13
"860","short","Jim","Wednesday","Morning","Cyberdyne Systems",4,9
"861","short","Jim","Wednesday","Lunchtime","OCP Inc.",9,1
"862","short","Cindy","Tuesday","Afternoon","Cyberdyne Systems",5,10
"863","short","Tom","Thursday","Afternoon","OCP Inc.",12,3
"864","short","Yvette","Friday","Morning","OCP Inc.",12,14
"865","short","Jim","Thursday","Afternoon","Tyrell",4,9
"866","short","Evelyn","Friday","Lunchtime","OCP Inc.",8,5
"867","short","Yvette","Tuesday","Lunchtime","Cyberdyne Systems",5,7
"868","short","Evelyn","Wednesday","Lunchtime","Mooby's Family Restaurants",12,4
"869","short","Jim","Wednesday","Morning","Mooby's Family Restaurants",3,9
"870","short","Evelyn","Monday","Morning","Mooby's Family Restaurants",4,9
"871","short","Jim","Tuesday","Morning","OCP Inc.",10,11
"872","long","Jim","Monday","Afternoon","Mooby's Family Restaurants",92,98
"873","long","Tom","Tuesday","Lunchtime","Tyrell",108,97
"874","short","Yvette","Monday","Lunchtime","Cyberdyne Systems",4,1
"875","short","Jim","Thursday","Afternoon","Cyberdyne Systems",8,6
"876","short","Cindy","Wednesday","Lunchtime","Weyland-Yutani",13,8
"877","short","Jim","Tuesday","Lunchtime","Tyrell",12,15
"878","short","Evelyn","Monday","Lunchtime","Tyrell",10,3
"879","short","Jim","Friday","Morning","Weyland-Yutani",8,1
"880","short","Yvette","Tuesday","Lunchtime","Tyrell",8,7
"881","short","Evelyn","Tuesday","Morning","Weyland-Yutani",11,6
"882","short","Jim","Tuesday","Afternoon","Cyberdyne Systems",9,12
"883","short","Evelyn","Friday","Morning","Weyland-Yutani",11,13
"884","short","Tom","Wednesday","Lunchtime","Cyberdyne Systems",5,2
"885","short","Cindy","Wednesday","Afternoon","Mooby's Family Restaurants",7,3
"886","long","Evelyn","Friday","Lunchtime","Weyland-Yutani",81,112
"887","short","Jim","Monday","Lunchtime","Tyrell",11,7
"888","short","Yvette","Friday","Lunchtime","Mooby's Family Restaurants",5,7
"889","short","Tom","Wednesday","Morning","Weyland-Yutani",12,8
"890","short","Tom","Wednesday","Lunchtime","Weyland-Yutani",10,3
"891","short","Evelyn","Friday","Afternoon","Cyberdyne Systems",10,12
"892","short","Cindy","Monday","Morning","Tyrell",6,17
"893","short","Jim","Thursday","Morning","OCP Inc.",1,8
"894","short","Evelyn","Monday","Morning","Mooby's Family Restaurants",9,4
"895","long","Yvette","Monday","Afternoon","Tyrell",107,78
"896","short","Tom","Friday","Lunchtime","OCP Inc.",7,9
"897","short","Jim","Tuesday","Afternoon","Tyrell",10,10
"898","short","Evelyn","Friday","Lunchtime","OCP Inc.",6,2
"899","long","Yvette","Friday","Lunchtime","Mooby's Family Restaurants",80,134
"900","long","Yvette","Friday","Lunchtime","Weyland-Yutani",107,81
"901","short","Yvette","Monday","Afternoon","OCP Inc.",7,6
"902","long","Cindy","Wednesday","Afternoon","Weyland-Yutani",103,90
"903","short","Yvette","Monday","Lunchtime","Cyberdyne Systems",13,16
"904","short","Evelyn","Monday","Afternoon","Mooby's Family Restaurants",10,7
"905","long","Jim","Thursday","Afternoon","OCP Inc.",80,132
"906","short","Evelyn","Friday","Afternoon","Tyrell",12,4
"907","short","Evelyn","Monday","Lunchtime","Weyland-Yutani",8,8
"908","short","Tom","Thursday","Afternoon","OCP Inc.",5,1
"909","short","Yvette","Friday","Morning","Tyrell",9,8
"910","short","Yvette","Monday","Morning","Mooby's Family Restaurants",1,4
"911","short","Cindy","Thursday","Afternoon","Weyland-Yutani",9,13
"912","short","Jim","Tuesday","Afternoon","OCP Inc.",13,10
"913","short","Jim","Friday","Afternoon","Mooby's Family Restaurants",7,1
"914","short","Evelyn","Wednesday","Lunchtime","OCP Inc.",6,4
"915","short","Yvette","Thursday","Lunchtime","Mooby's Family Restaurants",12,8
"916","short","Evelyn","Wednesday","Morning","Cyberdyne Systems",6,14
"917","long","Jim","Friday","Morning","OCP Inc.",94,93
"918","short","Evelyn","Monday","Morning","OCP Inc.",5,4
"919","short","Cindy","Thursday","Morning","Cyberdyne Systems",11,13
"920","short","Yvette","Thursday","Lunchtime","Weyland-Yutani",3,10
"921","short","Evelyn","Monday","Afternoon","Tyrell",9,3
"922","short","Cindy","Monday","Lunchtime","Mooby's Family Restaurants",5,11
"923","short","Yvette","Wednesday","Lunchtime","Mooby's Family Restaurants",8,18
"924","long","Tom","Friday","Morning","Mooby's Family Restaurants",108,92
"925","short","Evelyn","Tuesday","Morning","Weyland-Yutani",3,8
"926","short","Jim","Wednesday","Lunchtime","Cyberdyne Systems",7,14
"927","long","Tom","Tuesday","Lunchtime","Cyberdyne Systems",88,125
"928","short","Tom","Thursday","Lunchtime","Weyland-Yutani",10,14
"929","short","Cindy","Monday","Morning","Mooby's Family Restaurants",1,6
"930","short","Jim","Wednesday","Morning","Tyrell",3,11
"931","short","Evelyn","Friday","Afternoon","Cyberdyne Systems",9,5
"932","short","Evelyn","Thursday","Lunchtime","Cyberdyne Systems",3,9
"933","short","Yvette","Tuesday","Morning","OCP Inc.",11,9
"934","short","Cindy","Friday","Lunchtime","Mooby's Family Restaurants",10,15
"935","long","Cindy","Thursday","Lunchtime","Weyland-Yutani",105,113
"936","long","Tom","Tuesday","Afternoon","Tyrell",76,100
"937","short","Tom","Thursday","Afternoon","Mooby's Family Restaurants",7,10
"938","long","Yvette","Friday","Morning","Mooby's Family Restaurants",90,112
"939","long","Evelyn","Monday","Afternoon","OCP Inc.",100,93
"940","long","Tom","Tuesday","Lunchtime","Mooby's Family Restaurants",75,113
"941","short","Cindy","Friday","Lunchtime","Mooby's Family Restaurants",9,81
"942","short","Tom","Monday","Afternoon","Weyland-Yutani",5,5
"943","long","Yvette","Thursday","Afternoon","Mooby's Family Restaurants",98,91
"944","short","Evelyn","Tuesday","Morning","Cyberdyne Systems",8,91
"945","short","Evelyn","Thursday","Lunchtime","Mooby's Family Restaurants",12,5
"946","short","Jim","Thursday","Afternoon","Mooby's Family Restaurants",10,7
"947","short","Jim","Wednesday","Lunchtime","Cyberdyne Systems",10,5
"948","short","Tom","Wednesday","Afternoon","Cyberdyne Systems",1,6
"949","short","Tom","Wednesday","Lunchtime","Cyberdyne Systems",6,15
"950","long","Evelyn","Tuesday","Lunchtime","OCP Inc.",84,107
"951","short","Cindy","Monday","Morning","OCP Inc.",9,6
"952","short","Jim","Monday","Afternoon","OCP Inc.",8,2
"953","short","Evelyn","Tuesday","Afternoon","OCP Inc.",11,12
"954","short","Jim","Wednesday","Lunchtime","OCP Inc.",16,17
"955","short","Evelyn","Wednesday","Morning","Mooby's Family Restaurants",10,96
"956","long","Evelyn","Thursday","Afternoon","Mooby's Family Restaurants",85,93
"957","short","Yvette","Friday","Morning","Weyland-Yutani",8,6
"958","long","Evelyn","Monday","Morning","Mooby's Family Restaurants",104,95
"959","short","Cindy","Wednesday","Morning","Mooby's Family Restaurants",10,3
"960","short","Jim","Monday","Afternoon","Weyland-Yutani",1,9
"961","short","Evelyn","Thursday","Lunchtime","Weyland-Yutani",7,6
"962","short","Yvette","Wednesday","Lunchtime","Mooby's Family Restaurants",5,5
"963","long","Tom","Monday","Morning","Cyberdyne Systems",92,124
"964","short","Jim","Wednesday","Lunchtime","Tyrell",8,11
"965","short","Cindy","Tuesday","Lunchtime","Weyland-Yutani",9,111
"966","short","Jim","Thursday","Lunchtime","Cyberdyne Systems",8,11
"967","short","Yvette","Friday","Morning","OCP Inc.",14,6
"968","short","Jim","Thursday","Afternoon","Weyland-Yutani",8,4
"969","short","Evelyn","Tuesday","Morning","OCP Inc.",11,8
"970","long","Cindy","Tuesday","Lunchtime","Mooby's Family Restaurants",92,82
"971","short","Evelyn","Tuesday","Morning","Mooby's Family Restaurants",1,10
"972","short","Tom","Thursday","Morning","OCP Inc.",7,12
"973","short","Yvette","Thursday","Morning","OCP Inc.",11,11
"974","short","Cindy","Wednesday","Morning","Tyrell",9,10
"975","short","Yvette","Wednesday","Morning","Weyland-Yutani",9,10
"976","short","Evelyn","Wednesday","Afternoon","Tyrell",1,7
"977","short","Yvette","Friday","Afternoon","Mooby's Family Restaurants",7,7
"978","long","Evelyn","Friday","Afternoon","Cyberdyne Systems",100,104
"979","short","Evelyn","Wednesday","Morning","Weyland-Yutani",10,77
"980","short","Evelyn","Wednesday","Morning","Weyland-Yutani",4,5
"981","long","Yvette","Friday","Lunchtime","Cyberdyne Systems",135,110
"982","long","Cindy","Monday","Afternoon","Cyberdyne Systems",96,121
"983","short","Cindy","Wednesday","Morning","Weyland-Yutani",8,8
"984","short","Tom","Wednesday","Afternoon","Weyland-Yutani",6,6
"985","short","Jim","Friday","Afternoon","Mooby's Family Restaurants",13,12
"986","short","Cindy","Friday","Lunchtime","Tyrell",2,1
"987","short","Yvette","Tuesday","Afternoon","Tyrell",9,4
"988","short","Cindy","Friday","Morning","Cyberdyne Systems",5,7
"989","short","Jim","Wednesday","Morning","Tyrell",5,8
"990","short","Cindy","Thursday","Morning","Tyrell",9,12
"991","short","Cindy","Thursday","Lunchtime","OCP Inc.",10,5
"992","short","Cindy","Tuesday","Lunchtime","Mooby's Family Restaurants",5,15
"993","short","Yvette","Monday","Afternoon","Tyrell",2,18
"994","short","Cindy","Thursday","Afternoon","Mooby's Family Restaurants",10,5
"995","short","Jim","Thursday","Morning","Mooby's Family Restaurants",9,7
"996","short","Cindy","Tuesday","Afternoon","Tyrell",11,15
"997","short","Yvette","Tuesday","Afternoon","Mooby's Family Restaurants",3,14
"998","short","Evelyn","Friday","Morning","Mooby's Family Restaurants",8,8
"999","long","Evelyn","Thursday","Lunchtime","Cyberdyne Systems",124,67
"1000","short","Jim","Monday","Morning","Weyland-Yutani",5,9
